{
  "best": {
    "epoch_auc": 0.9700118159964144,
    "loss": 0.20066556831200918,
    "auc": 0.9652132039488361
  },
  "last": {
    "epoch_auc": 0.9452389683412786,
    "loss": 0.43918463587760925,
    "auc": 0.9466444393290292
  },
  "train.6": {
    "epoch_auc": 0.9700118159964144,
    "loss": 0.20066556831200918,
    "auc": 0.9652132039488361
  },
  "epoch_0": [
    "out/exp020_separate_training/fold1/checkpoints/train.1.pth",
    0.942998003504054,
    {
      "epoch_auc": 0.942998003504054,
      "loss": 0.2559228663643201,
      "auc": 0.9304526737363286
    }
  ],
  "epoch_1": [
    "out/exp020_separate_training/fold1/checkpoints/train.2.pth",
    0.9419793831234976,
    {
      "epoch_auc": 0.9419793831234976,
      "loss": 0.2958921082317829,
      "auc": 0.9368786965621175
    }
  ],
  "epoch_2": [
    "out/exp020_separate_training/fold1/checkpoints/train.3.pth",
    0.9170435562074726,
    {
      "epoch_auc": 0.9170435562074726,
      "loss": 0.3673112752536932,
      "auc": 0.9338693456753071
    }
  ],
  "epoch_3": [
    "out/exp020_separate_training/fold1/checkpoints/train.4.pth",
    0.9601108258974046,
    {
      "epoch_auc": 0.9601108258974046,
      "loss": 0.22955385595560074,
      "auc": 0.9573490309161456
    }
  ],
  "epoch_4": [
    "out/exp020_separate_training/fold1/checkpoints/train.5.pth",
    0.9490689809721713,
    {
      "epoch_auc": 0.9490689809721713,
      "loss": 0.3068377921978632,
      "auc": 0.9446411615377132
    }
  ],
  "epoch_5": [
    "out/exp020_separate_training/fold1/checkpoints/train.6.pth",
    0.9700118159964144,
    {
      "epoch_auc": 0.9700118159964144,
      "loss": 0.20066556831200918,
      "auc": 0.9652132039488361
    }
  ],
  "epoch_6": [
    "out/exp020_separate_training/fold1/checkpoints/train.7.pth",
    0.9611701910931834,
    {
      "epoch_auc": 0.9611701910931834,
      "loss": 0.20645539090037346,
      "auc": 0.9527253309437218
    }
  ],
  "epoch_7": [
    "out/exp020_separate_training/fold1/checkpoints/train.8.pth",
    0.9648779692784093,
    {
      "epoch_auc": 0.9648779692784093,
      "loss": 0.20972887550791106,
      "auc": 0.961680098519179
    }
  ],
  "epoch_8": [
    "out/exp020_separate_training/fold1/checkpoints/train.9.pth",
    0.9663855274416331,
    {
      "epoch_auc": 0.9663855274416331,
      "loss": 0.19505568966269493,
      "auc": 0.9620260206467104
    }
  ],
  "epoch_9": [
    "out/exp020_separate_training/fold1/checkpoints/train.10.pth",
    0.9671189341156338,
    {
      "epoch_auc": 0.9671189341156338,
      "loss": 0.19556649029254913,
      "auc": 0.9626841896382127
    }
  ],
  "epoch_10": [
    "out/exp020_separate_training/fold1/checkpoints/train.11.pth",
    0.966833720409078,
    {
      "epoch_auc": 0.966833720409078,
      "loss": 0.19912201911211014,
      "auc": 0.9622868741259546
    }
  ],
  "epoch_11": [
    "out/exp020_separate_training/fold1/checkpoints/train.12.pth",
    0.9670374444851892,
    {
      "epoch_auc": 0.9670374444851892,
      "loss": 0.19751975685358047,
      "auc": 0.963767522560626
    }
  ],
  "epoch_12": [
    "out/exp020_separate_training/fold1/checkpoints/train.13.pth",
    0.9655298863219656,
    {
      "epoch_auc": 0.9655298863219656,
      "loss": 0.2047005109488964,
      "auc": 0.9616008918307769
    }
  ],
  "epoch_13": [
    "out/exp020_separate_training/fold1/checkpoints/train.14.pth",
    0.9634111559304078,
    {
      "epoch_auc": 0.9634111559304078,
      "loss": 0.22270892063776654,
      "auc": 0.9600934759185296
    }
  ],
  "epoch_14": [
    "out/exp020_separate_training/fold1/checkpoints/train.15.pth",
    0.9654891415067433,
    {
      "epoch_auc": 0.9654891415067433,
      "loss": 0.22273780653874078,
      "auc": 0.962382051848251
    }
  ],
  "epoch_15": [
    "out/exp020_separate_training/fold1/checkpoints/train.16.pth",
    0.951350690624618,
    {
      "epoch_auc": 0.951350690624618,
      "loss": 0.2613253382345041,
      "auc": 0.9474667381193779
    }
  ],
  "epoch_16": [
    "out/exp020_separate_training/fold1/checkpoints/train.17.pth",
    0.9413274660799413,
    {
      "epoch_auc": 0.9413274660799413,
      "loss": 0.2885201076666514,
      "auc": 0.9482598405216757
    }
  ],
  "epoch_17": [
    "out/exp020_separate_training/fold1/checkpoints/train.18.pth",
    0.9482133398525039,
    {
      "epoch_auc": 0.9482133398525039,
      "loss": 0.29795770843823755,
      "auc": 0.94770622211495
    }
  ],
  "epoch_18": [
    "out/exp020_separate_training/fold1/checkpoints/train.19.pth",
    0.9463390783522796,
    {
      "epoch_auc": 0.9463390783522796,
      "loss": 0.26762355615695316,
      "auc": 0.9471522021970102
    }
  ],
  "epoch_19": [
    "out/exp020_separate_training/fold1/checkpoints/train.20.pth",
    0.9553844273316221,
    {
      "epoch_auc": 0.9553844273316221,
      "loss": 0.25947367399930954,
      "auc": 0.9533162353277296
    }
  ],
  "epoch_20": [
    "out/exp020_separate_training/fold1/checkpoints/train.21.pth",
    0.9478873813307256,
    {
      "epoch_auc": 0.9478873813307256,
      "loss": 0.29796191304922104,
      "auc": 0.9486958398608506
    }
  ],
  "epoch_21": [
    "out/exp020_separate_training/fold1/checkpoints/train.22.pth",
    0.9346045715682678,
    {
      "epoch_auc": 0.9346045715682678,
      "loss": 0.40946507950623834,
      "auc": 0.9289868151401367
    }
  ],
  "epoch_22": [
    "out/exp020_separate_training/fold1/checkpoints/train.23.pth",
    0.9563215580817341,
    {
      "epoch_auc": 0.9563215580817341,
      "loss": 0.2527083742121855,
      "auc": 0.9521936558143456
    }
  ],
  "epoch_23": [
    "out/exp020_separate_training/fold1/checkpoints/train.24.pth",
    0.9588884814407367,
    {
      "epoch_auc": 0.9588884814407367,
      "loss": 0.23667913675308228,
      "auc": 0.9519852705192662
    }
  ],
  "epoch_24": [
    "out/exp020_separate_training/fold1/checkpoints/train.25.pth",
    0.952450800635619,
    {
      "epoch_auc": 0.952450800635619,
      "loss": 0.28363455832004547,
      "auc": 0.9517888053724797
    }
  ],
  "epoch_25": [
    "out/exp020_separate_training/fold1/checkpoints/train.26.pth",
    0.963900093713075,
    {
      "epoch_auc": 0.963900093713075,
      "loss": 0.24259104579687119,
      "auc": 0.9627338414694737
    }
  ],
  "epoch_26": [
    "out/exp020_separate_training/fold1/checkpoints/train.27.pth",
    0.9600293362669601,
    {
      "epoch_auc": 0.9600293362669601,
      "loss": 0.27966806292533875,
      "auc": 0.9582692892872126
    }
  ],
  "epoch_27": [
    "out/exp020_separate_training/fold1/checkpoints/train.28.pth",
    0.9588477366255145,
    {
      "epoch_auc": 0.9588477366255145,
      "loss": 0.2840830683708191,
      "auc": 0.956075702208568
    }
  ],
  "epoch_28": [
    "out/exp020_separate_training/fold1/checkpoints/train.29.pth",
    0.9594589088538484,
    {
      "epoch_auc": 0.9594589088538484,
      "loss": 0.3006742869814237,
      "auc": 0.9578479546870352
    }
  ],
  "epoch_29": [
    "out/exp020_separate_training/fold1/checkpoints/train.30.pth",
    0.9584402884732918,
    {
      "epoch_auc": 0.9584402884732918,
      "loss": 0.30619613577922183,
      "auc": 0.9574773041439708
    }
  ],
  "epoch_30": [
    "out/exp020_separate_training/fold1/checkpoints/train.31.pth",
    0.9595811432995152,
    {
      "epoch_auc": 0.9595811432995152,
      "loss": 0.2970231386522452,
      "auc": 0.9574842075991502
    }
  ],
  "epoch_31": [
    "out/exp020_separate_training/fold1/checkpoints/train.32.pth",
    0.9591329503320702,
    {
      "epoch_auc": 0.9591329503320702,
      "loss": 0.30490266780058545,
      "auc": 0.9570065871215296
    }
  ],
  "epoch_32": [
    "out/exp020_separate_training/fold1/checkpoints/train.33.pth",
    0.9566067717882899,
    {
      "epoch_auc": 0.9566067717882899,
      "loss": 0.31914619356393814,
      "auc": 0.9533624654557832
    }
  ],