{
  "best": {
    "epoch_MdAS": 0.7710671984062714,
    "loss": 0.010148567302773396,
    "MdAS": 0.5056077958508617
  },
  "last": {
    "epoch_MdAS": 0.7564100689223567,
    "loss": 0.010483225264276067,
    "MdAS": 0.5017696585413228
  },
  "train.49": {
    "epoch_MdAS": 0.7710671984062714,
    "loss": 0.010148567302773396,
    "MdAS": 0.5056077958508617
  },
  "epoch_0": [
    "out/exp020_separate_training/fold1/checkpoints/train.1.pth",
    0.42362391991437937,
    {
      "epoch_MdAS": 0.42362391991437937,
      "loss": 0.012918760379155477,
      "MdAS": 0.30195108986583175
    }
  ],
  "epoch_1": [
    "out/exp020_separate_training/fold1/checkpoints/train.2.pth",
    0.5244013114560026,
    {
      "epoch_MdAS": 0.5244013114560026,
      "loss": 0.010552470261851946,
      "MdAS": 0.3818001504325899
    }
  ],
  "epoch_2": [
    "out/exp020_separate_training/fold1/checkpoints/train.3.pth",
    0.5790559429694597,
    {
      "epoch_MdAS": 0.5790559429694597,
      "loss": 0.009090188308618963,
      "MdAS": 0.4111520794199667
    }
  ],
  "epoch_3": [
    "out/exp020_separate_training/fold1/checkpoints/train.4.pth",
    0.6284253555320529,
    {
      "epoch_MdAS": 0.6284253555320529,
      "loss": 0.00861261571602275,
      "MdAS": 0.44665849510441974
    }
  ],
  "epoch_4": [
    "out/exp020_separate_training/fold1/checkpoints/train.5.pth",
    0.6578323975110816,
    {
      "epoch_MdAS": 0.6578323975110816,
      "loss": 0.00822529763293763,
      "MdAS": 0.46625068647899665
    }
  ],
  "epoch_5": [
    "out/exp020_separate_training/fold1/checkpoints/train.6.pth",
    0.6867250501981592,
    {
      "epoch_MdAS": 0.6867250501981592,
      "loss": 0.007583712499278287,
      "MdAS": 0.47166100948621786
    }
  ],
  "epoch_6": [
    "out/exp020_separate_training/fold1/checkpoints/train.7.pth",
    0.7072078367173379,
    {
      "epoch_MdAS": 0.7072078367173379,
      "loss": 0.007659000849040846,
      "MdAS": 0.4787326596852194
    }
  ],
  "epoch_7": [
    "out/exp020_separate_training/fold1/checkpoints/train.8.pth",
    0.7105444695462282,
    {
      "epoch_MdAS": 0.7105444695462282,
      "loss": 0.007279817558204134,
      "MdAS": 0.48117976790420175
    }
  ],
  "epoch_8": [
    "out/exp020_separate_training/fold1/checkpoints/train.9.pth",
    0.716834701010227,
    {
      "epoch_MdAS": 0.716834701010227,
      "loss": 0.007222731287280718,
      "MdAS": 0.48590049355661985
    }
  ],
  "epoch_9": [
    "out/exp020_separate_training/fold1/checkpoints/train.10.pth",
    0.7161366136813203,
    {
      "epoch_MdAS": 0.7161366136813203,
      "loss": 0.007165106013417243,
      "MdAS": 0.4858038399994155
    }
  ],
  "epoch_10": [
    "out/exp020_separate_training/fold1/checkpoints/train.11.pth",
    0.7168608815088265,
    {
      "epoch_MdAS": 0.7168608815088265,
      "loss": 0.0071818984967345996,
      "MdAS": 0.4857474852599773
    }
  ],
  "epoch_11": [
    "out/exp020_separate_training/fold1/checkpoints/train.12.pth",
    0.7219516794837335,
    {
      "epoch_MdAS": 0.7219516794837335,
      "loss": 0.007121364702470601,
      "MdAS": 0.48504662849873564
    }
  ],
  "epoch_12": [
    "out/exp020_separate_training/fold1/checkpoints/train.13.pth",
    0.7280426747709717,
    {
      "epoch_MdAS": 0.7280426747709717,
      "loss": 0.0071590001073976355,
      "MdAS": 0.4903957323335525
    }
  ],
  "epoch_13": [
    "out/exp020_separate_training/fold1/checkpoints/train.14.pth",
    0.7262543570477056,
    {
      "epoch_MdAS": 0.7262543570477056,
      "loss": 0.007223501025388638,
      "MdAS": 0.49019067152723106
    }
  ],
  "epoch_14": [
    "out/exp020_separate_training/fold1/checkpoints/train.15.pth",
    0.7259736590069625,
    {
      "epoch_MdAS": 0.7259736590069625,
      "loss": 0.007541730417869985,
      "MdAS": 0.48941062862838597
    }
  ],
  "epoch_15": [
    "out/exp020_separate_training/fold1/checkpoints/train.16.pth",
    0.7228148500195788,
    {
      "epoch_MdAS": 0.7228148500195788,
      "loss": 0.007726531126536429,
      "MdAS": 0.48588484786544334
    }
  ],
  "epoch_16": [
    "out/exp020_separate_training/fold1/checkpoints/train.17.pth",
    0.7277328324568844,
    {
      "epoch_MdAS": 0.7277328324568844,
      "loss": 0.008916324082141122,
      "MdAS": 0.4831911809740888
    }
  ],
  "epoch_17": [
    "out/exp020_separate_training/fold1/checkpoints/train.18.pth",
    0.711361329886925,
    {
      "epoch_MdAS": 0.711361329886925,
      "loss": 0.008503263544601698,
      "MdAS": 0.48006649918056465
    }
  ],
  "epoch_18": [
    "out/exp020_separate_training/fold1/checkpoints/train.19.pth",
    0.6762873907704161,
    {
      "epoch_MdAS": 0.6762873907704161,
      "loss": 0.009408662095665932,
      "MdAS": 0.4670832255866641
    }
  ],
  "epoch_19": [
    "out/exp020_separate_training/fold1/checkpoints/train.20.pth",
    0.7179024824839212,
    {
      "epoch_MdAS": 0.7179024824839212,
      "loss": 0.008274166767175,
      "MdAS": 0.4881860054306492
    }
  ],
  "epoch_20": [
    "out/exp020_separate_training/fold1/checkpoints/train.21.pth",
    0.7326843227606115,
    {
      "epoch_MdAS": 0.7326843227606115,
      "loss": 0.008317206016120812,
      "MdAS": 0.4933290048983943
    }
  ],
  "epoch_21": [
    "out/exp020_separate_training/fold1/checkpoints/train.22.pth",
    0.7461381876163742,
    {
      "epoch_MdAS": 0.7461381876163742,
      "loss": 0.010461603368942937,
      "MdAS": 0.48508296237878606
    }
  ],
  "epoch_22": [
    "out/exp020_separate_training/fold1/checkpoints/train.23.pth",
    0.7332937565043651,
    {
      "epoch_MdAS": 0.7332937565043651,
      "loss": 0.00844196203009536,
      "MdAS": 0.4918389571750291
    }
  ],
  "epoch_23": [
    "out/exp020_separate_training/fold1/checkpoints/train.24.pth",
    0.7396072736775308,
    {
      "epoch_MdAS": 0.7396072736775308,
      "loss": 0.009243548770124713,
      "MdAS": 0.49900585853919527
    }
  ],
  "epoch_24": [
    "out/exp020_separate_training/fold1/checkpoints/train.25.pth",
    0.7392005491320919,
    {
      "epoch_MdAS": 0.7392005491320919,
      "loss": 0.008654381575373312,
      "MdAS": 0.4912132022419868
    }
  ],
  "epoch_25": [
    "out/exp020_separate_training/fold1/checkpoints/train.26.pth",
    0.7488697847016386,
    {
      "epoch_MdAS": 0.7488697847016386,
      "loss": 0.008550161418194572,
      "MdAS": 0.498804358694119
    }
  ],
  "epoch_26": [
    "out/exp020_separate_training/fold1/checkpoints/train.27.pth",
    0.7512294010381365,
    {
      "epoch_MdAS": 0.7512294010381365,
      "loss": 0.009082699582601586,
      "MdAS": 0.5025748581350936
    }
  ],
  "epoch_27": [
    "out/exp020_separate_training/fold1/checkpoints/train.28.pth",
    0.7530452086556418,
    {
      "epoch_MdAS": 0.7530452086556418,
      "loss": 0.008369164968219895,
      "MdAS": 0.5019535995020281
    }
  ],
  "epoch_28": [
    "out/exp020_separate_training/fold1/checkpoints/train.29.pth",
    0.7567983959109523,
    {
      "epoch_MdAS": 0.7567983959109523,
      "loss": 0.008521359375057122,
      "MdAS": 0.5019014442735362
    }
  ],
  "epoch_29": [
    "out/exp020_separate_training/fold1/checkpoints/train.30.pth",
    0.7578794082163797,
    {
      "epoch_MdAS": 0.7578794082163797,
      "loss": 0.008453876478597522,
      "MdAS": 0.5026499610803176
    }
  ],
  "epoch_30": [
    "out/exp020_separate_training/fold1/checkpoints/train.31.pth",
    0.7572812315499065,
    {
      "epoch_MdAS": 0.7572812315499065,
      "loss": 0.008498157646196583,
      "MdAS": 0.5045235422595327
    }
  ],
  "epoch_31": [
    "out/exp020_separate_training/fold1/checkpoints/train.32.pth",
    0.7576158585684174,
    {
      "epoch_MdAS": 0.7576158585684174,
      "loss": 0.008485306209574144,
      "MdAS": 0.5029849709756551
    }
  ],
  "epoch_32": [
    "out/exp020_separate_training/fold1/checkpoints/train.33.pth",
    0.7594560114230072,
    {
      "epoch_MdAS": 0.7594560114230072,
      "loss": 0.008628372917883098,