{
  "best": {
    "epoch_auc": 0.9684295967190705,
    "loss": 0.24453733613093692,
    "auc": 0.96314160137436
  },
  "last": {
    "epoch_auc": 0.964584757347915,
    "loss": 0.28185588369766873,
    "auc": 0.960762534550567
  },
  "train.31": {
    "epoch_auc": 0.9684295967190705,
    "loss": 0.24453733613093692,
    "auc": 0.96314160137436
  },
  "epoch_0": [
    "out/exp020_separate_training/fold0/checkpoints/train.1.pth",
    0.9263072453861928,
    {
      "epoch_auc": 0.9263072453861928,
      "loss": 0.48306826998790103,
      "auc": 0.93262934571251
    }
  ],
  "epoch_1": [
    "out/exp020_separate_training/fold0/checkpoints/train.2.pth",
    0.9387816131237184,
    {
      "epoch_auc": 0.9387816131237184,
      "loss": 0.25634413212537766,
      "auc": 0.9316136631755293
    }
  ],
  "epoch_2": [
    "out/exp020_separate_training/fold0/checkpoints/train.3.pth",
    0.9431818181818182,
    {
      "epoch_auc": 0.9431818181818182,
      "loss": 0.23611496885617575,
      "auc": 0.9386323603336787
    }
  ],
  "epoch_3": [
    "out/exp020_separate_training/fold0/checkpoints/train.4.pth",
    0.9602699931647299,
    {
      "epoch_auc": 0.9602699931647299,
      "loss": 0.20765430728594464,
      "auc": 0.9593855622253188
    }
  ],
  "epoch_4": [
    "out/exp020_separate_training/fold0/checkpoints/train.5.pth",
    0.950187969924812,
    {
      "epoch_auc": 0.950187969924812,
      "loss": 0.25157553454240167,
      "auc": 0.9435805451779082
    }
  ],
  "epoch_5": [
    "out/exp020_separate_training/fold0/checkpoints/train.6.pth",
    0.9606971975393028,
    {
      "epoch_auc": 0.9606971975393028,
      "loss": 0.20898269365231195,
      "auc": 0.9606107858034836
    }
  ],
  "epoch_6": [
    "out/exp020_separate_training/fold0/checkpoints/train.7.pth",
    0.9580485304169514,
    {
      "epoch_auc": 0.9580485304169514,
      "loss": 0.2267670581738154,
      "auc": 0.9568549905694936
    }
  ],
  "epoch_7": [
    "out/exp020_separate_training/fold0/checkpoints/train.8.pth",
    0.9587747778537252,
    {
      "epoch_auc": 0.9587747778537252,
      "loss": 0.2312890663743019,
      "auc": 0.9583714914977592
    }
  ],
  "epoch_8": [
    "out/exp020_separate_training/fold0/checkpoints/train.9.pth",
    0.9594583048530417,
    {
      "epoch_auc": 0.9594583048530417,
      "loss": 0.22867456078529358,
      "auc": 0.9598099256314266
    }
  ],
  "epoch_9": [
    "out/exp020_separate_training/fold0/checkpoints/train.10.pth",
    0.9603127136021872,
    {
      "epoch_auc": 0.9603127136021872,
      "loss": 0.22905494024356207,
      "auc": 0.958437545100831
    }
  ],
  "epoch_10": [
    "out/exp020_separate_training/fold0/checkpoints/train.11.pth",
    0.960868079289132,
    {
      "epoch_auc": 0.960868079289132,
      "loss": 0.22233428930242857,
      "auc": 0.9589891503583188
    }
  ],
  "epoch_11": [
    "out/exp020_separate_training/fold0/checkpoints/train.12.pth",
    0.9612952836637048,
    {
      "epoch_auc": 0.9612952836637048,
      "loss": 0.22743730495373407,
      "auc": 0.959172354953288
    }
  ],
  "epoch_12": [
    "out/exp020_separate_training/fold0/checkpoints/train.13.pth",
    0.9615088858509913,
    {
      "epoch_auc": 0.9615088858509913,
      "loss": 0.2367872993151347,
      "auc": 0.9581040494326498
    }
  ],
  "epoch_13": [
    "out/exp020_separate_training/fold0/checkpoints/train.14.pth",
    0.9556561859193439,
    {
      "epoch_auc": 0.9556561859193439,
      "loss": 0.2509922944009304,
      "auc": 0.948996719042358
    }
  ],
  "epoch_14": [
    "out/exp020_separate_training/fold0/checkpoints/train.15.pth",
    0.9592447026657552,
    {
      "epoch_auc": 0.9592447026657552,
      "loss": 0.3641277725497882,
      "auc": 0.9537820399306202
    }
  ],
  "epoch_15": [
    "out/exp020_separate_training/fold0/checkpoints/train.16.pth",
    0.9595437457279563,
    {
      "epoch_auc": 0.9595437457279563,
      "loss": 0.2242262338598569,
      "auc": 0.9624908086241758
    }
  ],
  "epoch_16": [
    "out/exp020_separate_training/fold0/checkpoints/train.17.pth",
    0.9562542720437457,
    {
      "epoch_auc": 0.9562542720437457,
      "loss": 0.27962994823853177,
      "auc": 0.9527342620192518
    }
  ],
  "epoch_17": [
    "out/exp020_separate_training/fold0/checkpoints/train.18.pth",
    0.9542036910457962,
    {
      "epoch_auc": 0.9542036910457962,
      "loss": 0.23164189855257672,
      "auc": 0.9500257909208214
    }
  ],
  "epoch_18": [
    "out/exp020_separate_training/fold0/checkpoints/train.19.pth",
    0.9512132604237867,
    {
      "epoch_auc": 0.9512132604237867,
      "loss": 0.29224538058042526,
      "auc": 0.9418541022496397
    }
  ],
  "epoch_19": [
    "out/exp020_separate_training/fold0/checkpoints/train.20.pth",
    0.9429254955570745,
    {
      "epoch_auc": 0.9429254955570745,
      "loss": 0.34511025001605355,
      "auc": 0.9318866873303993
    }
  ],
  "epoch_20": [
    "out/exp020_separate_training/fold0/checkpoints/train.21.pth",
    0.954160970608339,
    {
      "epoch_auc": 0.954160970608339,
      "loss": 0.3141373793284098,
      "auc": 0.9481347221255942
    }
  ],
  "epoch_21": [
    "out/exp020_separate_training/fold0/checkpoints/train.22.pth",
    0.9513414217361585,
    {
      "epoch_auc": 0.9513414217361585,
      "loss": 0.26914831499258673,
      "auc": 0.9435293152306337
    }
  ],
  "epoch_22": [
    "out/exp020_separate_training/fold0/checkpoints/train.23.pth",
    0.9480733082706766,
    {
      "epoch_auc": 0.9480733082706766,
      "loss": 0.3502199165523052,
      "auc": 0.9427772996104639
    }
  ],
  "epoch_23": [
    "out/exp020_separate_training/fold0/checkpoints/train.24.pth",
    0.9635594668489406,
    {
      "epoch_auc": 0.9635594668489406,
      "loss": 0.23906273022294044,
      "auc": 0.9597644991737284
    }
  ],
  "epoch_24": [
    "out/exp020_separate_training/fold0/checkpoints/train.25.pth",
    0.9586893369788106,
    {
      "epoch_auc": 0.9586893369788106,
      "loss": 0.25669989486535394,
      "auc": 0.9603778103423133
    }
  ],
  "epoch_25": [
    "out/exp020_separate_training/fold0/checkpoints/train.26.pth",
    0.9628332194121668,
    {
      "epoch_auc": 0.9628332194121668,
      "loss": 0.24365922808647156,
      "auc": 0.9567385356736269
    }
  ],
  "epoch_26": [
    "out/exp020_separate_training/fold0/checkpoints/train.27.pth",
    0.9668062200956938,
    {
      "epoch_auc": 0.9668062200956938,
      "loss": 0.23207581788301468,
      "auc": 0.9617803453401831
    }
  ],
  "epoch_27": [
    "out/exp020_separate_training/fold0/checkpoints/train.28.pth",
    0.9675751879699248,
    {
      "epoch_auc": 0.9675751879699248,
      "loss": 0.232367105782032,
      "auc": 0.9609396370476492
    }
  ],
  "epoch_28": [
    "out/exp020_separate_training/fold0/checkpoints/train.29.pth",
    0.9674043062200958,
    {
      "epoch_auc": 0.9674043062200958,
      "loss": 0.24190034220616022,
      "auc": 0.9614295991552583
    }
  ],
  "epoch_29": [
    "out/exp020_separate_training/fold0/checkpoints/train.30.pth",
    0.9671907040328093,
    {
      "epoch_auc": 0.9671907040328093,
      "loss": 0.24047712484995526,
      "auc": 0.961571826021623
    }
  ],
  "epoch_30": [
    "out/exp020_separate_training/fold0/checkpoints/train.31.pth",
    0.9684295967190705,
    {
      "epoch_auc": 0.9684295967190705,
      "loss": 0.24453733613093692,
      "auc": 0.96314160137436
    }
  ],
  "epoch_31": [
    "out/exp020_separate_training/fold0/checkpoints/train.32.pth",
    0.9674043062200957,
    {
      "epoch_auc": 0.9674043062200957,
      "loss": 0.24882297714551288,
      "auc": 0.9618674427142987
    }
  ],
  "epoch_32": [
    "out/exp020_separate_training/fold0/checkpoints/train.33.pth",
    0.9668062200956936,
    {
      "epoch_auc": 0.9668062200956936,
      "loss": 0.24973490089178085,
      "auc": 0.9607523107573817
    }
  ],