{
  "best": {
    "epoch_MdAS": 0.7536405820733749,
    "loss": 0.014435447752475739,
    "MdAS": 0.36685731149790046
  },
  "last": {
    "epoch_MdAS": 0.7422669561753736,
    "loss": 0.01374545747724672,
    "MdAS": 0.3639460131225579
  },
  "train.53": {
    "epoch_MdAS": 0.7536405820733749,
    "loss": 0.014435447752475739,
    "MdAS": 0.36685731149790046
  },
  "epoch_0": [
    "out/exp032_crop_optic_disk/fold4/checkpoints/train.1.pth",
    0.47652022931919846,
    {
      "epoch_MdAS": 0.47652022931919846,
      "loss": 0.013233764873196682,
      "MdAS": 0.2567439931208142
    }
  ],
  "epoch_1": [
    "out/exp032_crop_optic_disk/fold4/checkpoints/train.2.pth",
    0.5363918455074431,
    {
      "epoch_MdAS": 0.5363918455074431,
      "loss": 0.00979354465380311,
      "MdAS": 0.3179467450770904
    }
  ],
  "epoch_2": [
    "out/exp032_crop_optic_disk/fold4/checkpoints/train.3.pth",
    0.5708291905761768,
    {
      "epoch_MdAS": 0.5708291905761768,
      "loss": 0.009413929966588814,
      "MdAS": 0.3283217302755602
    }
  ],
  "epoch_3": [
    "out/exp032_crop_optic_disk/fold4/checkpoints/train.4.pth",
    0.6150098389832411,
    {
      "epoch_MdAS": 0.6150098389832411,
      "loss": 0.009033303242176771,
      "MdAS": 0.3266996400885735
    }
  ],
  "epoch_4": [
    "out/exp032_crop_optic_disk/fold4/checkpoints/train.5.pth",
    0.6739016121968724,
    {
      "epoch_MdAS": 0.6739016121968724,
      "loss": 0.008551758946850896,
      "MdAS": 0.3475362128151823
    }
  ],
  "epoch_5": [
    "out/exp032_crop_optic_disk/fold4/checkpoints/train.6.pth",
    0.665176895404594,
    {
      "epoch_MdAS": 0.665176895404594,
      "loss": 0.0077158665129294,
      "MdAS": 0.37237488577844025
    }
  ],
  "epoch_6": [
    "out/exp032_crop_optic_disk/fold4/checkpoints/train.7.pth",
    0.6823128251031052,
    {
      "epoch_MdAS": 0.6823128251031052,
      "loss": 0.008338984800502658,
      "MdAS": 0.35992879055011073
    }
  ],
  "epoch_7": [
    "out/exp032_crop_optic_disk/fold4/checkpoints/train.8.pth",
    0.6706839658872044,
    {
      "epoch_MdAS": 0.6706839658872044,
      "loss": 0.008352098288014531,
      "MdAS": 0.3758802678727988
    }
  ],
  "epoch_8": [
    "out/exp032_crop_optic_disk/fold4/checkpoints/train.9.pth",
    0.6762820737132522,
    {
      "epoch_MdAS": 0.6762820737132522,
      "loss": 0.00818003861544033,
      "MdAS": 0.3701796491055987
    }
  ],
  "epoch_9": [
    "out/exp032_crop_optic_disk/fold4/checkpoints/train.10.pth",
    0.6750746503764716,
    {
      "epoch_MdAS": 0.6750746503764716,
      "loss": 0.008131469832733274,
      "MdAS": 0.37362273381545696
    }
  ],
  "epoch_10": [
    "out/exp032_crop_optic_disk/fold4/checkpoints/train.11.pth",
    0.6804611125827806,
    {
      "epoch_MdAS": 0.6804611125827806,
      "loss": 0.008121530214945475,
      "MdAS": 0.37336231070868076
    }
  ],
  "epoch_11": [
    "out/exp032_crop_optic_disk/fold4/checkpoints/train.12.pth",
    0.67936737218884,
    {
      "epoch_MdAS": 0.67936737218884,
      "loss": 0.008241057861596346,
      "MdAS": 0.3739727303671768
    }
  ],
  "epoch_12": [
    "out/exp032_crop_optic_disk/fold4/checkpoints/train.13.pth",
    0.6922685594349594,
    {
      "epoch_MdAS": 0.6922685594349594,
      "loss": 0.00823550686861078,
      "MdAS": 0.36427433214564514
    }
  ],
  "epoch_13": [
    "out/exp032_crop_optic_disk/fold4/checkpoints/train.14.pth",
    0.6824471552591274,
    {
      "epoch_MdAS": 0.6824471552591274,
      "loss": 0.009072333108633757,
      "MdAS": 0.36150954438953586
    }
  ],
  "epoch_14": [
    "out/exp032_crop_optic_disk/fold4/checkpoints/train.15.pth",
    0.6629934175445443,
    {
      "epoch_MdAS": 0.6629934175445443,
      "loss": 0.009305971829841535,
      "MdAS": 0.3626505408583676
    }
  ],
  "epoch_15": [
    "out/exp032_crop_optic_disk/fold4/checkpoints/train.16.pth",
    0.5951479534469959,
    {
      "epoch_MdAS": 0.5951479534469959,
      "loss": 0.01028307651480039,
      "MdAS": 0.33560972946977846
    }
  ],
  "epoch_16": [
    "out/exp032_crop_optic_disk/fold4/checkpoints/train.17.pth",
    0.6465639666243735,
    {
      "epoch_MdAS": 0.6465639666243735,
      "loss": 0.011071325978264213,
      "MdAS": 0.34503681520111845
    }
  ],
  "epoch_17": [
    "out/exp032_crop_optic_disk/fold4/checkpoints/train.18.pth",
    0.607599289266862,
    {
      "epoch_MdAS": 0.607599289266862,
      "loss": 0.01234585209749639,
      "MdAS": 0.31746609562797895
    }
  ],
  "epoch_18": [
    "out/exp032_crop_optic_disk/fold4/checkpoints/train.19.pth",
    0.5924171290064397,
    {
      "epoch_MdAS": 0.5924171290064397,
      "loss": 0.012565157609060407,
      "MdAS": 0.33076554582379786
    }
  ],
  "epoch_19": [
    "out/exp032_crop_optic_disk/fold4/checkpoints/train.20.pth",
    0.7084986335544342,
    {
      "epoch_MdAS": 0.7084986335544342,
      "loss": 0.009520047344267368,
      "MdAS": 0.35777625692023174
    }
  ],
  "epoch_20": [
    "out/exp032_crop_optic_disk/fold4/checkpoints/train.21.pth",
    0.5780429839004945,
    {
      "epoch_MdAS": 0.5780429839004945,
      "loss": 0.01222215018545588,
      "MdAS": 0.31944964709176454
    }
  ],
  "epoch_21": [
    "out/exp032_crop_optic_disk/fold4/checkpoints/train.22.pth",
    0.6067796313002185,
    {
      "epoch_MdAS": 0.6067796313002185,
      "loss": 0.009896889561787248,
      "MdAS": 0.33494247752725625
    }
  ],
  "epoch_22": [
    "out/exp032_crop_optic_disk/fold4/checkpoints/train.23.pth",
    0.6050365499121013,
    {
      "epoch_MdAS": 0.6050365499121013,
      "loss": 0.010363581202303369,
      "MdAS": 0.3325713788398116
    }
  ],
  "epoch_23": [
    "out/exp032_crop_optic_disk/fold4/checkpoints/train.24.pth",
    0.6281880375240363,
    {
      "epoch_MdAS": 0.6281880375240363,
      "loss": 0.009975279138113063,
      "MdAS": 0.3394502676124889
    }
  ],
  "epoch_24": [
    "out/exp032_crop_optic_disk/fold4/checkpoints/train.25.pth",
    0.6386456372103753,
    {
      "epoch_MdAS": 0.6386456372103753,
      "loss": 0.011631097101295987,
      "MdAS": 0.35656143555082664
    }
  ],
  "epoch_25": [
    "out/exp032_crop_optic_disk/fold4/checkpoints/train.26.pth",
    0.6752564323141537,
    {
      "epoch_MdAS": 0.6752564323141537,
      "loss": 0.011463424346099298,
      "MdAS": 0.3470401055544722
    }
  ],
  "epoch_26": [
    "out/exp032_crop_optic_disk/fold4/checkpoints/train.27.pth",
    0.6949846147675454,
    {
      "epoch_MdAS": 0.6949846147675454,
      "loss": 0.011567811481654644,
      "MdAS": 0.3548788918860364
    }
  ],
  "epoch_27": [
    "out/exp032_crop_optic_disk/fold4/checkpoints/train.28.pth",
    0.6909363259012207,
    {
      "epoch_MdAS": 0.6909363259012207,
      "loss": 0.011865401174873114,
      "MdAS": 0.35486060895248484
    }
  ],
  "epoch_28": [
    "out/exp032_crop_optic_disk/fold4/checkpoints/train.29.pth",
    0.694855430476004,
    {
      "epoch_MdAS": 0.694855430476004,
      "loss": 0.011910718011980254,
      "MdAS": 0.36019665540241436
    }
  ],
  "epoch_29": [
    "out/exp032_crop_optic_disk/fold4/checkpoints/train.30.pth",
    0.7420598644994423,
    {
      "epoch_MdAS": 0.7420598644994423,
      "loss": 0.012078887317329645,
      "MdAS": 0.3578614388299097
    }
  ],
  "epoch_30": [
    "out/exp032_crop_optic_disk/fold4/checkpoints/train.31.pth",
    0.6897720180610291,
    {
      "epoch_MdAS": 0.6897720180610291,
      "loss": 0.012229636621971926,
      "MdAS": 0.35619004870402754
    }
  ],
  "epoch_31": [
    "out/exp032_crop_optic_disk/fold4/checkpoints/train.32.pth",
    0.691975945659492,
    {
      "epoch_MdAS": 0.691975945659492,
      "loss": 0.01204412461568912,
      "MdAS": 0.3586119164992146
    }
  ],
  "epoch_32": [
    "out/exp032_crop_optic_disk/fold4/checkpoints/train.33.pth",
    0.7391417984491337,
    {
      "epoch_MdAS": 0.7391417984491337,
      "loss": 0.011876850854605436,
      "MdAS": 0.3599097610710547
    }
  ],