{
  "best": {
    "epoch_auc": 0.9664404223227753,
    "loss": 0.23992357403039932,
    "auc": 0.9617424275576097
  },
  "last": {
    "epoch_auc": 0.9617060499413441,
    "loss": 0.3286985519031683,
    "auc": 0.9590795365374537
  },
  "train.36": {
    "epoch_auc": 0.9664404223227753,
    "loss": 0.23992357403039932,
    "auc": 0.9617424275576097
  },
  "epoch_0": [
    "out/exp020_separate_training/fold3/checkpoints/train.1.pth",
    0.9083710407239819,
    {
      "epoch_auc": 0.9083710407239819,
      "loss": 0.30666153132915497,
      "auc": 0.9165577274171891
    }
  ],
  "epoch_1": [
    "out/exp020_separate_training/fold3/checkpoints/train.2.pth",
    0.9456175632646221,
    {
      "epoch_auc": 0.9456175632646221,
      "loss": 0.24729669094085693,
      "auc": 0.9497734901678436
    }
  ],
  "epoch_2": [
    "out/exp020_separate_training/fold3/checkpoints/train.3.pth",
    0.9501005530417295,
    {
      "epoch_auc": 0.9501005530417295,
      "loss": 0.259404256939888,
      "auc": 0.9450116167790973
    }
  ],
  "epoch_3": [
    "out/exp020_separate_training/fold3/checkpoints/train.4.pth",
    0.9523210993799229,
    {
      "epoch_auc": 0.9523210993799229,
      "loss": 0.22204658637444177,
      "auc": 0.9502018491387942
    }
  ],
  "epoch_4": [
    "out/exp020_separate_training/fold3/checkpoints/train.5.pth",
    0.9449053125523713,
    {
      "epoch_auc": 0.9449053125523713,
      "loss": 0.23900118221839267,
      "auc": 0.9454012474926736
    }
  ],
  "epoch_5": [
    "out/exp020_separate_training/fold3/checkpoints/train.6.pth",
    0.9546673370202782,
    {
      "epoch_auc": 0.9546673370202782,
      "loss": 0.22140043477217355,
      "auc": 0.9521747547598455
    }
  ],
  "epoch_6": [
    "out/exp020_separate_training/fold3/checkpoints/train.7.pth",
    0.9629210658622422,
    {
      "epoch_auc": 0.9629210658622422,
      "loss": 0.20197781175374985,
      "auc": 0.958740882251796
    }
  ],
  "epoch_7": [
    "out/exp020_separate_training/fold3/checkpoints/train.8.pth",
    0.9640522875816994,
    {
      "epoch_auc": 0.9640522875816994,
      "loss": 0.2675541937351227,
      "auc": 0.9614822674027723
    }
  ],
  "epoch_8": [
    "out/exp020_separate_training/fold3/checkpoints/train.9.pth",
    0.9624183006535947,
    {
      "epoch_auc": 0.9624183006535947,
      "loss": 0.20700690895318985,
      "auc": 0.9581210785636424
    }
  ],
  "epoch_9": [
    "out/exp020_separate_training/fold3/checkpoints/train.10.pth",
    0.9633819339701692,
    {
      "epoch_auc": 0.9633819339701692,
      "loss": 0.21989007790883383,
      "auc": 0.9616112399888528
    }
  ],
  "epoch_10": [
    "out/exp020_separate_training/fold3/checkpoints/train.11.pth",
    0.9640941846824199,
    {
      "epoch_auc": 0.9640941846824199,
      "loss": 0.206413966914018,
      "auc": 0.9608882396641368
    }
  ],
  "epoch_11": [
    "out/exp020_separate_training/fold3/checkpoints/train.12.pth",
    0.9646388469917881,
    {
      "epoch_auc": 0.9646388469917881,
      "loss": 0.2119893804192543,
      "auc": 0.9618523241453782
    }
  ],
  "epoch_12": [
    "out/exp020_separate_training/fold3/checkpoints/train.13.pth",
    0.9625020948550359,
    {
      "epoch_auc": 0.9625020948550359,
      "loss": 0.2211497227350871,
      "auc": 0.9597447705689706
    }
  ],
  "epoch_13": [
    "out/exp020_separate_training/fold3/checkpoints/train.14.pth",
    0.9632562426680074,
    {
      "epoch_auc": 0.9632562426680074,
      "loss": 0.21639178444941837,
      "auc": 0.9598004060713319
    }
  ],
  "epoch_14": [
    "out/exp020_separate_training/fold3/checkpoints/train.15.pth",
    0.9565946036534272,
    {
      "epoch_auc": 0.9565946036534272,
      "loss": 0.23872619370619455,
      "auc": 0.9538035947754316
    }
  ],
  "epoch_15": [
    "out/exp020_separate_training/fold3/checkpoints/train.16.pth",
    0.9616222557399028,
    {
      "epoch_auc": 0.9616222557399028,
      "loss": 0.2964573403199514,
      "auc": 0.9576439873991205
    }
  ],
  "epoch_16": [
    "out/exp020_separate_training/fold3/checkpoints/train.17.pth",
    0.958982738394503,
    {
      "epoch_auc": 0.958982738394503,
      "loss": 0.24527396510044736,
      "auc": 0.9590794242234771
    }
  ],
  "epoch_17": [
    "out/exp020_separate_training/fold3/checkpoints/train.18.pth",
    0.9496815820345232,
    {
      "epoch_auc": 0.9496815820345232,
      "loss": 0.24650262296199799,
      "auc": 0.9464097092235966
    }
  ],
  "epoch_18": [
    "out/exp020_separate_training/fold3/checkpoints/train.19.pth",
    0.9468325791855203,
    {
      "epoch_auc": 0.9468325791855203,
      "loss": 0.26746451358000434,
      "auc": 0.952987876244443
    }
  ],
  "epoch_19": [
    "out/exp020_separate_training/fold3/checkpoints/train.20.pth",
    0.9650578179989945,
    {
      "epoch_auc": 0.9650578179989945,
      "loss": 0.20111980040868122,
      "auc": 0.9680324533017144
    }
  ],
  "epoch_20": [
    "out/exp020_separate_training/fold3/checkpoints/train.21.pth",
    0.9635914194737725,
    {
      "epoch_auc": 0.9635914194737725,
      "loss": 0.22101351867119473,
      "auc": 0.9610263692770399
    }
  ],
  "epoch_21": [
    "out/exp020_separate_training/fold3/checkpoints/train.22.pth",
    0.9605329311211664,
    {
      "epoch_auc": 0.9605329311211664,
      "loss": 0.28337804476420086,
      "auc": 0.9619413219036322
    }
  ],
  "epoch_22": [
    "out/exp020_separate_training/fold3/checkpoints/train.23.pth",
    0.9622926093514328,
    {
      "epoch_auc": 0.9622926093514328,
      "loss": 0.21964526673158008,
      "auc": 0.9618404020174044
    }
  ],
  "epoch_23": [
    "out/exp020_separate_training/fold3/checkpoints/train.24.pth",
    0.95944360650243,
    {
      "epoch_auc": 0.95944360650243,
      "loss": 0.23042374725143114,
      "auc": 0.9562493748878089
    }
  ],
  "epoch_24": [
    "out/exp020_separate_training/fold3/checkpoints/train.25.pth",
    0.9606586224233283,
    {
      "epoch_auc": 0.9606586224233283,
      "loss": 0.2318163861831029,
      "auc": 0.9607828658160465
    }
  ],
  "epoch_25": [
    "out/exp020_separate_training/fold3/checkpoints/train.26.pth",
    0.9651835093011564,
    {
      "epoch_auc": 0.9651835093011564,
      "loss": 0.2740626086791356,
      "auc": 0.9666931199158122
    }
  ],
  "epoch_26": [
    "out/exp020_separate_training/fold3/checkpoints/train.27.pth",
    0.9558404558404557,
    {
      "epoch_auc": 0.9558404558404557,
      "loss": 0.3141633172829946,
      "auc": 0.9553701582882123
    }
  ],
  "epoch_27": [
    "out/exp020_separate_training/fold3/checkpoints/train.28.pth",
    0.962166918049271,
    {
      "epoch_auc": 0.962166918049271,
      "loss": 0.24249095966418585,
      "auc": 0.9616644407154951
    }
  ],
  "epoch_28": [
    "out/exp020_separate_training/fold3/checkpoints/train.29.pth",
    0.9617479470420647,
    {
      "epoch_auc": 0.9617479470420647,
      "loss": 0.24941340337196985,
      "auc": 0.9607986650335429
    }
  ],
  "epoch_29": [
    "out/exp020_separate_training/fold3/checkpoints/train.30.pth",
    0.9642617730853025,
    {
      "epoch_auc": 0.9642617730853025,
      "loss": 0.23439733932415646,
      "auc": 0.963827511200222
    }
  ],
  "epoch_30": [
    "out/exp020_separate_training/fold3/checkpoints/train.31.pth",
    0.9641360817831406,
    {
      "epoch_auc": 0.9641360817831406,
      "loss": 0.24119474490483603,
      "auc": 0.9661355127411361
    }
  ],
  "epoch_31": [
    "out/exp020_separate_training/fold3/checkpoints/train.32.pth",
    0.9645969498910675,
    {
      "epoch_auc": 0.9645969498910675,
      "loss": 0.2453729286789894,
      "auc": 0.9635658899526592
    }
  ],
  "epoch_32": [
    "out/exp020_separate_training/fold3/checkpoints/train.33.pth",
    0.9619574325456678,
    {
      "epoch_auc": 0.9619574325456678,
      "loss": 0.27768808106581366,
      "auc": 0.9616888706124047
    }
  ],