{
  "best": {
    "epoch_MdAS": 0.7833955651509235,
    "loss": 0.010772892894844215,
    "MdAS": 0.4937677744463368
  },
  "last": {
    "epoch_MdAS": 0.7521488766007296,
    "loss": 0.011662355468918879,
    "MdAS": 0.4815784463097976
  },
  "train.52": {
    "epoch_MdAS": 0.7833955651509235,
    "loss": 0.010772892894844215,
    "MdAS": 0.4937677744463368
  },
  "epoch_0": [
    "out/exp020_separate_training/fold3/checkpoints/train.1.pth",
    0.3574582576292869,
    {
      "epoch_MdAS": 0.3574582576292869,
      "loss": 0.015315431170165539,
      "MdAS": 0.25030323045614394
    }
  ],
  "epoch_1": [
    "out/exp020_separate_training/fold3/checkpoints/train.2.pth",
    0.4616604836259439,
    {
      "epoch_MdAS": 0.4616604836259439,
      "loss": 0.012214992195367813,
      "MdAS": 0.32988174071429804
    }
  ],
  "epoch_2": [
    "out/exp020_separate_training/fold3/checkpoints/train.3.pth",
    0.5431568010822123,
    {
      "epoch_MdAS": 0.5431568010822123,
      "loss": 0.010398438588405648,
      "MdAS": 0.3783623394498319
    }
  ],
  "epoch_3": [
    "out/exp020_separate_training/fold3/checkpoints/train.4.pth",
    0.5810523645212705,
    {
      "epoch_MdAS": 0.5810523645212705,
      "loss": 0.009843265482534965,
      "MdAS": 0.41116298117581357
    }
  ],
  "epoch_4": [
    "out/exp020_separate_training/fold3/checkpoints/train.5.pth",
    0.6218484024617491,
    {
      "epoch_MdAS": 0.6218484024617491,
      "loss": 0.009221804716313878,
      "MdAS": 0.41604427411301415
    }
  ],
  "epoch_5": [
    "out/exp020_separate_training/fold3/checkpoints/train.6.pth",
    0.6616130659936128,
    {
      "epoch_MdAS": 0.6616130659936128,
      "loss": 0.008626456838101149,
      "MdAS": 0.43476638653735433
    }
  ],
  "epoch_6": [
    "out/exp020_separate_training/fold3/checkpoints/train.7.pth",
    0.6801595598964397,
    {
      "epoch_MdAS": 0.6801595598964397,
      "loss": 0.008604409561182063,
      "MdAS": 0.4494369194462605
    }
  ],
  "epoch_7": [
    "out/exp020_separate_training/fold3/checkpoints/train.8.pth",
    0.6822318971311653,
    {
      "epoch_MdAS": 0.6822318971311653,
      "loss": 0.008298336528241634,
      "MdAS": 0.4515868099670267
    }
  ],
  "epoch_8": [
    "out/exp020_separate_training/fold3/checkpoints/train.9.pth",
    0.6926192872106985,
    {
      "epoch_MdAS": 0.6926192872106985,
      "loss": 0.008213057648390532,
      "MdAS": 0.45462889713053783
    }
  ],
  "epoch_9": [
    "out/exp020_separate_training/fold3/checkpoints/train.10.pth",
    0.6925360181224582,
    {
      "epoch_MdAS": 0.6925360181224582,
      "loss": 0.008127030062799651,
      "MdAS": 0.45498793581158054
    }
  ],
  "epoch_10": [
    "out/exp020_separate_training/fold3/checkpoints/train.11.pth",
    0.6956981515292142,
    {
      "epoch_MdAS": 0.6956981515292142,
      "loss": 0.008118007409696778,
      "MdAS": 0.45678317218959963
    }
  ],
  "epoch_11": [
    "out/exp020_separate_training/fold3/checkpoints/train.12.pth",
    0.6987928599694111,
    {
      "epoch_MdAS": 0.6987928599694111,
      "loss": 0.008038768855233986,
      "MdAS": 0.456024027847756
    }
  ],
  "epoch_12": [
    "out/exp020_separate_training/fold3/checkpoints/train.13.pth",
    0.6971423258940603,
    {
      "epoch_MdAS": 0.6971423258940603,
      "loss": 0.008009245774398249,
      "MdAS": 0.45507493131634613
    }
  ],
  "epoch_13": [
    "out/exp020_separate_training/fold3/checkpoints/train.14.pth",
    0.6920312752597259,
    {
      "epoch_MdAS": 0.6920312752597259,
      "loss": 0.00815444253385067,
      "MdAS": 0.4614635958183183
    }
  ],
  "epoch_14": [
    "out/exp020_separate_training/fold3/checkpoints/train.15.pth",
    0.7139089775559411,
    {
      "epoch_MdAS": 0.7139089775559411,
      "loss": 0.00819063240972658,
      "MdAS": 0.4583247279262473
    }
  ],
  "epoch_15": [
    "out/exp020_separate_training/fold3/checkpoints/train.16.pth",
    0.7179116730081516,
    {
      "epoch_MdAS": 0.7179116730081516,
      "loss": 0.008465791198735435,
      "MdAS": 0.47139677456793494
    }
  ],
  "epoch_16": [
    "out/exp020_separate_training/fold3/checkpoints/train.17.pth",
    0.7102222214848486,
    {
      "epoch_MdAS": 0.7102222214848486,
      "loss": 0.008915660592416923,
      "MdAS": 0.45657368083591543
    }
  ],
  "epoch_17": [
    "out/exp020_separate_training/fold3/checkpoints/train.18.pth",
    0.6879898634180626,
    {
      "epoch_MdAS": 0.6879898634180626,
      "loss": 0.00984526852456232,
      "MdAS": 0.44491502964526014
    }
  ],
  "epoch_18": [
    "out/exp020_separate_training/fold3/checkpoints/train.19.pth",
    0.6952235145852391,
    {
      "epoch_MdAS": 0.6952235145852391,
      "loss": 0.009097801831861336,
      "MdAS": 0.4603353939516663
    }
  ],
  "epoch_19": [
    "out/exp020_separate_training/fold3/checkpoints/train.20.pth",
    0.7045094798565006,
    {
      "epoch_MdAS": 0.7045094798565006,
      "loss": 0.009451497346162796,
      "MdAS": 0.4577368708035136
    }
  ],
  "epoch_20": [
    "out/exp020_separate_training/fold3/checkpoints/train.21.pth",
    0.6981737703984092,
    {
      "epoch_MdAS": 0.6981737703984092,
      "loss": 0.009922890768696865,
      "MdAS": 0.45381886683551226
    }
  ],
  "epoch_21": [
    "out/exp020_separate_training/fold3/checkpoints/train.22.pth",
    0.6963328149989795,
    {
      "epoch_MdAS": 0.6963328149989795,
      "loss": 0.00952850996206204,
      "MdAS": 0.4610968888941325
    }
  ],
  "epoch_22": [
    "out/exp020_separate_training/fold3/checkpoints/train.23.pth",
    0.735320037735158,
    {
      "epoch_MdAS": 0.735320037735158,
      "loss": 0.009849120629951358,
      "MdAS": 0.4662798552035741
    }
  ],
  "epoch_23": [
    "out/exp020_separate_training/fold3/checkpoints/train.24.pth",
    0.738544909600777,
    {
      "epoch_MdAS": 0.738544909600777,
      "loss": 0.009551258524879813,
      "MdAS": 0.47719643246367016
    }
  ],
  "epoch_24": [
    "out/exp020_separate_training/fold3/checkpoints/train.25.pth",
    0.7236119145679157,
    {
      "epoch_MdAS": 0.7236119145679157,
      "loss": 0.009664485463872552,
      "MdAS": 0.47263499218222543
    }
  ],
  "epoch_25": [
    "out/exp020_separate_training/fold3/checkpoints/train.26.pth",
    0.7407715397850793,
    {
      "epoch_MdAS": 0.7407715397850793,
      "loss": 0.009934550151228905,
      "MdAS": 0.4743245293526931
    }
  ],
  "epoch_26": [
    "out/exp020_separate_training/fold3/checkpoints/train.27.pth",
    0.7513803803334331,
    {
      "epoch_MdAS": 0.7513803803334331,
      "loss": 0.00973343422325949,
      "MdAS": 0.4818241019655158
    }
  ],
  "epoch_27": [
    "out/exp020_separate_training/fold3/checkpoints/train.28.pth",
    0.752201153937413,
    {
      "epoch_MdAS": 0.752201153937413,
      "loss": 0.009334344494466981,
      "MdAS": 0.4844082589448162
    }
  ],
  "epoch_28": [
    "out/exp020_separate_training/fold3/checkpoints/train.29.pth",
    0.7567025818791787,
    {
      "epoch_MdAS": 0.7567025818791787,
      "loss": 0.00927538323837022,
      "MdAS": 0.48822175822501745
    }
  ],
  "epoch_29": [
    "out/exp020_separate_training/fold3/checkpoints/train.30.pth",
    0.7581149731369374,
    {
      "epoch_MdAS": 0.7581149731369374,
      "loss": 0.009455275256186724,
      "MdAS": 0.4883201028389223
    }
  ],
  "epoch_30": [
    "out/exp020_separate_training/fold3/checkpoints/train.31.pth",
    0.7578225137126638,
    {
      "epoch_MdAS": 0.7578225137126638,
      "loss": 0.009361952698479096,
      "MdAS": 0.4884937082485312
    }
  ],
  "epoch_31": [
    "out/exp020_separate_training/fold3/checkpoints/train.32.pth",
    0.7554504005971434,
    {
      "epoch_MdAS": 0.7554504005971434,
      "loss": 0.009393373969942331,
      "MdAS": 0.48976074635171446
    }
  ],
  "epoch_32": [
    "out/exp020_separate_training/fold3/checkpoints/train.33.pth",
    0.7600071693752424,
    {
      "epoch_MdAS": 0.7600071693752424,
      "loss": 0.009347695391625166,