{
  "best": {
    "epoch_MdAS": 0.7803551854683131,
    "loss": 0.011134613926211992,
    "MdAS": 0.4353325109839067
  },
  "last": {
    "epoch_MdAS": 0.7538998918963453,
    "loss": 0.0124102634532998,
    "MdAS": 0.43224384350932543
  },
  "train.48": {
    "epoch_MdAS": 0.7803551854683131,
    "loss": 0.011134613926211992,
    "MdAS": 0.4353325109839067
  },
  "epoch_0": [
    "out/exp032_crop_optic_disk/fold2/checkpoints/train.1.pth",
    0.3933501938833304,
    {
      "epoch_MdAS": 0.3933501938833304,
      "loss": 0.012141017708927393,
      "MdAS": 0.2841299080654183
    }
  ],
  "epoch_1": [
    "out/exp032_crop_optic_disk/fold2/checkpoints/train.2.pth",
    0.5557644119994307,
    {
      "epoch_MdAS": 0.5557644119994307,
      "loss": 0.010332726563016573,
      "MdAS": 0.37615738981910396
    }
  ],
  "epoch_2": [
    "out/exp032_crop_optic_disk/fold2/checkpoints/train.3.pth",
    0.5463162441243647,
    {
      "epoch_MdAS": 0.5463162441243647,
      "loss": 0.00989690974044303,
      "MdAS": 0.4042924150738086
    }
  ],
  "epoch_3": [
    "out/exp032_crop_optic_disk/fold2/checkpoints/train.4.pth",
    0.5745759067076582,
    {
      "epoch_MdAS": 0.5745759067076582,
      "loss": 0.009748988319188356,
      "MdAS": 0.38919166949621536
    }
  ],
  "epoch_4": [
    "out/exp032_crop_optic_disk/fold2/checkpoints/train.5.pth",
    0.5881465807231225,
    {
      "epoch_MdAS": 0.5881465807231225,
      "loss": 0.010193989844992757,
      "MdAS": 0.3963585619802568
    }
  ],
  "epoch_5": [
    "out/exp032_crop_optic_disk/fold2/checkpoints/train.6.pth",
    0.6001257702335473,
    {
      "epoch_MdAS": 0.6001257702335473,
      "loss": 0.008808964475368459,
      "MdAS": 0.40848470182448304
    }
  ],
  "epoch_6": [
    "out/exp032_crop_optic_disk/fold2/checkpoints/train.7.pth",
    0.6176935728453417,
    {
      "epoch_MdAS": 0.6176935728453417,
      "loss": 0.009338064817711711,
      "MdAS": 0.4096920527225325
    }
  ],
  "epoch_7": [
    "out/exp032_crop_optic_disk/fold2/checkpoints/train.8.pth",
    0.6148662669338979,
    {
      "epoch_MdAS": 0.6148662669338979,
      "loss": 0.00889912030349175,
      "MdAS": 0.4108973772314589
    }
  ],
  "epoch_8": [
    "out/exp032_crop_optic_disk/fold2/checkpoints/train.9.pth",
    0.6204338289317809,
    {
      "epoch_MdAS": 0.6204338289317809,
      "loss": 0.008867433837925395,
      "MdAS": 0.4237801658650416
    }
  ],
  "epoch_9": [
    "out/exp032_crop_optic_disk/fold2/checkpoints/train.10.pth",
    0.6211837582253511,
    {
      "epoch_MdAS": 0.6211837582253511,
      "loss": 0.008670827917133767,
      "MdAS": 0.4211262347791223
    }
  ],
  "epoch_10": [
    "out/exp032_crop_optic_disk/fold2/checkpoints/train.11.pth",
    0.6241866822802291,
    {
      "epoch_MdAS": 0.6241866822802291,
      "loss": 0.00867606163956225,
      "MdAS": 0.42149055406691527
    }
  ],
  "epoch_11": [
    "out/exp032_crop_optic_disk/fold2/checkpoints/train.12.pth",
    0.6239438760543667,
    {
      "epoch_MdAS": 0.6239438760543667,
      "loss": 0.008835536039744815,
      "MdAS": 0.41962189703916897
    }
  ],
  "epoch_12": [
    "out/exp032_crop_optic_disk/fold2/checkpoints/train.13.pth",
    0.6319256789589722,
    {
      "epoch_MdAS": 0.6319256789589722,
      "loss": 0.008888036167869965,
      "MdAS": 0.4121644767037417
    }
  ],
  "epoch_13": [
    "out/exp032_crop_optic_disk/fold2/checkpoints/train.14.pth",
    0.6208142581837731,
    {
      "epoch_MdAS": 0.6208142581837731,
      "loss": 0.010140416600431006,
      "MdAS": 0.41335591806738026
    }
  ],
  "epoch_14": [
    "out/exp032_crop_optic_disk/fold2/checkpoints/train.15.pth",
    0.59587845925052,
    {
      "epoch_MdAS": 0.59587845925052,
      "loss": 0.009198422000433009,
      "MdAS": 0.3864893768193328
    }
  ],
  "epoch_15": [
    "out/exp032_crop_optic_disk/fold2/checkpoints/train.16.pth",
    0.6688251469652239,
    {
      "epoch_MdAS": 0.6688251469652239,
      "loss": 0.011154490057379007,
      "MdAS": 0.41496329700084195
    }
  ],
  "epoch_16": [
    "out/exp032_crop_optic_disk/fold2/checkpoints/train.17.pth",
    0.6791288131508401,
    {
      "epoch_MdAS": 0.6791288131508401,
      "loss": 0.0105704286446174,
      "MdAS": 0.41418474546050266
    }
  ],
  "epoch_17": [
    "out/exp032_crop_optic_disk/fold2/checkpoints/train.18.pth",
    0.6497765391233099,
    {
      "epoch_MdAS": 0.6497765391233099,
      "loss": 0.011841570648054283,
      "MdAS": 0.4168441233864576
    }
  ],
  "epoch_18": [
    "out/exp032_crop_optic_disk/fold2/checkpoints/train.19.pth",
    0.5896401043215803,
    {
      "epoch_MdAS": 0.5896401043215803,
      "loss": 0.012456121388822794,
      "MdAS": 0.38445753430505947
    }
  ],
  "epoch_19": [
    "out/exp032_crop_optic_disk/fold2/checkpoints/train.20.pth",
    0.6027706167337021,
    {
      "epoch_MdAS": 0.6027706167337021,
      "loss": 0.009798688969264429,
      "MdAS": 0.4001626550791948
    }
  ],
  "epoch_20": [
    "out/exp032_crop_optic_disk/fold2/checkpoints/train.21.pth",
    0.5511121029188484,
    {
      "epoch_MdAS": 0.5511121029188484,
      "loss": 0.011665191346158585,
      "MdAS": 0.38873554309341146
    }
  ],
  "epoch_21": [
    "out/exp032_crop_optic_disk/fold2/checkpoints/train.22.pth",
    0.6567524188649101,
    {
      "epoch_MdAS": 0.6567524188649101,
      "loss": 0.011435927512745062,
      "MdAS": 0.42056865863761983
    }
  ],
  "epoch_22": [
    "out/exp032_crop_optic_disk/fold2/checkpoints/train.23.pth",
    0.6891593941702595,
    {
      "epoch_MdAS": 0.6891593941702595,
      "loss": 0.01161267887800932,
      "MdAS": 0.4229047246193818
    }
  ],
  "epoch_23": [
    "out/exp032_crop_optic_disk/fold2/checkpoints/train.24.pth",
    0.6225357707213419,
    {
      "epoch_MdAS": 0.6225357707213419,
      "loss": 0.010489937926953038,
      "MdAS": 0.42429223946414507
    }
  ],
  "epoch_24": [
    "out/exp032_crop_optic_disk/fold2/checkpoints/train.25.pth",
    0.6829045363193724,
    {
      "epoch_MdAS": 0.6829045363193724,
      "loss": 0.012497037804375092,
      "MdAS": 0.43939987459743873
    }
  ],
  "epoch_25": [
    "out/exp032_crop_optic_disk/fold2/checkpoints/train.26.pth",
    0.7152658480114609,
    {
      "epoch_MdAS": 0.7152658480114609,
      "loss": 0.01097748801112175,
      "MdAS": 0.45756392371798266
    }
  ],
  "epoch_26": [
    "out/exp032_crop_optic_disk/fold2/checkpoints/train.27.pth",
    0.6730532038012182,
    {
      "epoch_MdAS": 0.6730532038012182,
      "loss": 0.01149830361828208,
      "MdAS": 0.441580071931576
    }
  ],
  "epoch_27": [
    "out/exp032_crop_optic_disk/fold2/checkpoints/train.28.pth",
    0.7743414088923135,
    {
      "epoch_MdAS": 0.7743414088923135,
      "loss": 0.011097201068575183,
      "MdAS": 0.43568764978435787
    }
  ],
  "epoch_28": [
    "out/exp032_crop_optic_disk/fold2/checkpoints/train.29.pth",
    0.7733866285611672,
    {
      "epoch_MdAS": 0.7733866285611672,
      "loss": 0.010665736704443892,
      "MdAS": 0.4380603997908044
    }
  ],
  "epoch_29": [
    "out/exp032_crop_optic_disk/fold2/checkpoints/train.30.pth",
    0.7748216096017514,
    {
      "epoch_MdAS": 0.7748216096017514,
      "loss": 0.010881720576435328,
      "MdAS": 0.4396444397925803
    }
  ],
  "epoch_30": [
    "out/exp032_crop_optic_disk/fold2/checkpoints/train.31.pth",
    0.7247088927591696,
    {
      "epoch_MdAS": 0.7247088927591696,
      "loss": 0.010939258926858505,
      "MdAS": 0.43917443599450473
    }
  ],
  "epoch_31": [
    "out/exp032_crop_optic_disk/fold2/checkpoints/train.32.pth",
    0.7755105906336341,
    {
      "epoch_MdAS": 0.7755105906336341,
      "loss": 0.010880756890401244,
      "MdAS": 0.4347326781297495
    }
  ],
  "epoch_32": [
    "out/exp032_crop_optic_disk/fold2/checkpoints/train.33.pth",
    0.721423627578055,
    {
      "epoch_MdAS": 0.721423627578055,
      "loss": 0.011402374831959605,
      "MdAS": 0.44363388967894846
    }
  ],