{
  "best": {
    "epoch_MdAS": 0.7144947176322459,
    "loss": 0.009005099612598617,
    "MdAS": 0.45068791065509295
  },
  "last": {
    "epoch_MdAS": 0.5765199826047988,
    "loss": 0.01345306619380911,
    "MdAS": 0.4555620382529707
  },
  "train.23": {
    "epoch_MdAS": 0.7144947176322459,
    "loss": 0.009005099612598617,
    "MdAS": 0.45068791065509295
  },
  "epoch_0": [
    "out/exp032_crop_optic_disk/fold3/checkpoints/train.1.pth",
    0.4409223396074444,
    {
      "epoch_MdAS": 0.4409223396074444,
      "loss": 0.01379670373474558,
      "MdAS": 0.30193964162466275
    }
  ],
  "epoch_1": [
    "out/exp032_crop_optic_disk/fold3/checkpoints/train.2.pth",
    0.5468633156290001,
    {
      "epoch_MdAS": 0.5468633156290001,
      "loss": 0.009697080434610447,
      "MdAS": 0.40963090323607376
    }
  ],
  "epoch_2": [
    "out/exp032_crop_optic_disk/fold3/checkpoints/train.3.pth",
    0.5548579540197504,
    {
      "epoch_MdAS": 0.5548579540197504,
      "loss": 0.009477111433322232,
      "MdAS": 0.4242058234376775
    }
  ],
  "epoch_3": [
    "out/exp032_crop_optic_disk/fold3/checkpoints/train.4.pth",
    0.5800951415099458,
    {
      "epoch_MdAS": 0.5800951415099458,
      "loss": 0.010460416437126696,
      "MdAS": 0.4420988787657516
    }
  ],
  "epoch_4": [
    "out/exp032_crop_optic_disk/fold3/checkpoints/train.5.pth",
    0.605513446056325,
    {
      "epoch_MdAS": 0.605513446056325,
      "loss": 0.008552539860829711,
      "MdAS": 0.44698354478477464
    }
  ],
  "epoch_5": [
    "out/exp032_crop_optic_disk/fold3/checkpoints/train.6.pth",
    0.5951935314246479,
    {
      "epoch_MdAS": 0.5951935314246479,
      "loss": 0.008329492450381318,
      "MdAS": 0.44398132616343666
    }
  ],
  "epoch_6": [
    "out/exp032_crop_optic_disk/fold3/checkpoints/train.7.pth",
    0.6074516501450217,
    {
      "epoch_MdAS": 0.6074516501450217,
      "loss": 0.008183438253278533,
      "MdAS": 0.45111623284851377
    }
  ],
  "epoch_7": [
    "out/exp032_crop_optic_disk/fold3/checkpoints/train.8.pth",
    0.6323467595732436,
    {
      "epoch_MdAS": 0.6323467595732436,
      "loss": 0.008351032971404493,
      "MdAS": 0.4591898111676321
    }
  ],
  "epoch_8": [
    "out/exp032_crop_optic_disk/fold3/checkpoints/train.9.pth",
    0.6160221049778802,
    {
      "epoch_MdAS": 0.6160221049778802,
      "loss": 0.008158537636821468,
      "MdAS": 0.4531045660311285
    }
  ],
  "epoch_9": [
    "out/exp032_crop_optic_disk/fold3/checkpoints/train.10.pth",
    0.6218087792016552,
    {
      "epoch_MdAS": 0.6218087792016552,
      "loss": 0.008185629267245531,
      "MdAS": 0.4546307154999959
    }
  ],
  "epoch_10": [
    "out/exp032_crop_optic_disk/fold3/checkpoints/train.11.pth",
    0.6223646622637562,
    {
      "epoch_MdAS": 0.6223646622637562,
      "loss": 0.008204918393554786,
      "MdAS": 0.4545284590201614
    }
  ],
  "epoch_11": [
    "out/exp032_crop_optic_disk/fold3/checkpoints/train.12.pth",
    0.618366830053706,
    {
      "epoch_MdAS": 0.618366830053706,
      "loss": 0.008254773759593565,
      "MdAS": 0.4500062129494892
    }
  ],
  "epoch_12": [
    "out/exp032_crop_optic_disk/fold3/checkpoints/train.13.pth",
    0.6275957876263663,
    {
      "epoch_MdAS": 0.6275957876263663,
      "loss": 0.0084624431328848,
      "MdAS": 0.455279404618174
    }
  ],
  "epoch_13": [
    "out/exp032_crop_optic_disk/fold3/checkpoints/train.14.pth",
    0.6078002129342929,
    {
      "epoch_MdAS": 0.6078002129342929,
      "loss": 0.00843296277647217,
      "MdAS": 0.4457772994989374
    }
  ],
  "epoch_14": [
    "out/exp032_crop_optic_disk/fold3/checkpoints/train.15.pth",
    0.5890083113715904,
    {
      "epoch_MdAS": 0.5890083113715904,
      "loss": 0.009382003219798207,
      "MdAS": 0.4229202203792511
    }
  ],
  "epoch_15": [
    "out/exp032_crop_optic_disk/fold3/checkpoints/train.16.pth",
    0.5939896453083108,
    {
      "epoch_MdAS": 0.5939896453083108,
      "loss": 0.009510628413408995,
      "MdAS": 0.43290009354417475
    }
  ],
  "epoch_16": [
    "out/exp032_crop_optic_disk/fold3/checkpoints/train.17.pth",
    0.5809979178745296,
    {
      "epoch_MdAS": 0.5809979178745296,
      "loss": 0.009211378016819555,
      "MdAS": 0.4367422769741675
    }
  ],
  "epoch_17": [
    "out/exp032_crop_optic_disk/fold3/checkpoints/train.18.pth",
    0.6137444277400508,
    {
      "epoch_MdAS": 0.6137444277400508,
      "loss": 0.008828697338079413,
      "MdAS": 0.47214503212043935
    }
  ],
  "epoch_18": [
    "out/exp032_crop_optic_disk/fold3/checkpoints/train.19.pth",
    0.6355386699758114,
    {
      "epoch_MdAS": 0.6355386699758114,
      "loss": 0.010097919730469584,
      "MdAS": 0.43822096705215013
    }
  ],
  "epoch_19": [
    "out/exp032_crop_optic_disk/fold3/checkpoints/train.20.pth",
    0.5820480597973058,
    {
      "epoch_MdAS": 0.5820480597973058,
      "loss": 0.009363114872636894,
      "MdAS": 0.43219870336189614
    }
  ],
  "epoch_20": [
    "out/exp032_crop_optic_disk/fold3/checkpoints/train.21.pth",
    0.6071306284774973,
    {
      "epoch_MdAS": 0.6071306284774973,
      "loss": 0.011624856231113274,
      "MdAS": 0.4314102329377883
    }
  ],
  "epoch_21": [
    "out/exp032_crop_optic_disk/fold3/checkpoints/train.22.pth",
    0.7021344979997166,
    {
      "epoch_MdAS": 0.7021344979997166,
      "loss": 0.01025369701286157,
      "MdAS": 0.44028851415759973
    }
  ],
  "epoch_22": [
    "out/exp032_crop_optic_disk/fold3/checkpoints/train.23.pth",
    0.7144947176322459,
    {
      "epoch_MdAS": 0.7144947176322459,
      "loss": 0.009005099612598617,
      "MdAS": 0.45068791065509295
    }
  ],
  "epoch_23": [
    "out/exp032_crop_optic_disk/fold3/checkpoints/train.24.pth",
    0.6237508155580871,
    {
      "epoch_MdAS": 0.6237508155580871,
      "loss": 0.011692078706497949,
      "MdAS": 0.437869661171517
    }
  ],
  "epoch_24": [
    "out/exp032_crop_optic_disk/fold3/checkpoints/train.25.pth",
    0.6318052064567075,
    {
      "epoch_MdAS": 0.6318052064567075,
      "loss": 0.0111719094372044,
      "MdAS": 0.4268746944376824
    }
  ],
  "epoch_25": [
    "out/exp032_crop_optic_disk/fold3/checkpoints/train.26.pth",
    0.6222983144995669,
    {
      "epoch_MdAS": 0.6222983144995669,
      "loss": 0.011406861750098567,
      "MdAS": 0.43769558288879296
    }
  ],
  "epoch_26": [
    "out/exp032_crop_optic_disk/fold3/checkpoints/train.27.pth",
    0.6097696716378147,
    {
      "epoch_MdAS": 0.6097696716378147,
      "loss": 0.011650167716046175,
      "MdAS": 0.43862315411129993
    }
  ],
  "epoch_27": [
    "out/exp032_crop_optic_disk/fold3/checkpoints/train.28.pth",
    0.6563815599161651,
    {
      "epoch_MdAS": 0.6563815599161651,
      "loss": 0.010758327863489587,
      "MdAS": 0.45253404788065343
    }
  ],
  "epoch_28": [
    "out/exp032_crop_optic_disk/fold3/checkpoints/train.29.pth",
    0.6514905269441702,
    {
      "epoch_MdAS": 0.6514905269441702,
      "loss": 0.01066297572106123,
      "MdAS": 0.4535833785159673
    }
  ],
  "epoch_29": [
    "out/exp032_crop_optic_disk/fold3/checkpoints/train.30.pth",
    0.6523146321294566,
    {
      "epoch_MdAS": 0.6523146321294566,
      "loss": 0.010889724983523289,
      "MdAS": 0.449758848462227
    }
  ],
  "epoch_30": [
    "out/exp032_crop_optic_disk/fold3/checkpoints/train.31.pth",
    0.651010158690941,
    {
      "epoch_MdAS": 0.651010158690941,
      "loss": 0.010860370355658233,
      "MdAS": 0.4483777404357382
    }
  ],
  "epoch_31": [
    "out/exp032_crop_optic_disk/fold3/checkpoints/train.32.pth",
    0.6549164877546835,
    {
      "epoch_MdAS": 0.6549164877546835,
      "loss": 0.010747522309732933,
      "MdAS": 0.4501657466183665
    }
  ],
  "epoch_32": [
    "out/exp032_crop_optic_disk/fold3/checkpoints/train.33.pth",
    0.6415221164401418,
    {
      "epoch_MdAS": 0.6415221164401418,
      "loss": 0.01108819890456895,
      "MdAS": 0.4530103614663937
    }
  ],