{
  "best": {
    "epoch_MdAS": 0.6973689832304341,
    "loss": 0.015029166514674824,
    "MdAS": 0.35084860458942274
  },
  "last": {
    "epoch_MdAS": 0.6611710433115325,
    "loss": 0.014898720973481735,
    "MdAS": 0.34357842977926556
  },
  "train.36": {
    "epoch_MdAS": 0.6973689832304341,
    "loss": 0.015029166514674824,
    "MdAS": 0.35084860458942274
  },
  "epoch_0": [
    "out/exp032_crop_optic_disk/fold1/checkpoints/train.1.pth",
    0.5021060853907782,
    {
      "epoch_MdAS": 0.5021060853907782,
      "loss": 0.012062134376416603,
      "MdAS": 0.2694877257903235
    }
  ],
  "epoch_1": [
    "out/exp032_crop_optic_disk/fold1/checkpoints/train.2.pth",
    0.5494036326847083,
    {
      "epoch_MdAS": 0.5494036326847083,
      "loss": 0.00970090227201581,
      "MdAS": 0.305426806668066
    }
  ],
  "epoch_2": [
    "out/exp032_crop_optic_disk/fold1/checkpoints/train.3.pth",
    0.554929582231962,
    {
      "epoch_MdAS": 0.554929582231962,
      "loss": 0.0096712710801512,
      "MdAS": 0.3051750923519204
    }
  ],
  "epoch_3": [
    "out/exp032_crop_optic_disk/fold1/checkpoints/train.4.pth",
    0.5852082024929215,
    {
      "epoch_MdAS": 0.5852082024929215,
      "loss": 0.009285625147943694,
      "MdAS": 0.32343584693866284
    }
  ],
  "epoch_4": [
    "out/exp032_crop_optic_disk/fold1/checkpoints/train.5.pth",
    0.6377491505381104,
    {
      "epoch_MdAS": 0.6377491505381104,
      "loss": 0.009227934681499999,
      "MdAS": 0.3234549482895875
    }
  ],
  "epoch_5": [
    "out/exp032_crop_optic_disk/fold1/checkpoints/train.6.pth",
    0.6207109016447043,
    {
      "epoch_MdAS": 0.6207109016447043,
      "loss": 0.010086226587494215,
      "MdAS": 0.32777087609890826
    }
  ],
  "epoch_6": [
    "out/exp032_crop_optic_disk/fold1/checkpoints/train.7.pth",
    0.6377586832224624,
    {
      "epoch_MdAS": 0.6377586832224624,
      "loss": 0.009835049510002136,
      "MdAS": 0.33076374113785845
    }
  ],
  "epoch_7": [
    "out/exp032_crop_optic_disk/fold1/checkpoints/train.8.pth",
    0.6781317884573326,
    {
      "epoch_MdAS": 0.6781317884573326,
      "loss": 0.0096695968726029,
      "MdAS": 0.3316327179091163
    }
  ],
  "epoch_8": [
    "out/exp032_crop_optic_disk/fold1/checkpoints/train.9.pth",
    0.626644571362831,
    {
      "epoch_MdAS": 0.626644571362831,
      "loss": 0.010457409856220087,
      "MdAS": 0.33083754176249086
    }
  ],
  "epoch_9": [
    "out/exp032_crop_optic_disk/fold1/checkpoints/train.10.pth",
    0.6266555753672971,
    {
      "epoch_MdAS": 0.6266555753672971,
      "loss": 0.010035954260577759,
      "MdAS": 0.32825538173162827
    }
  ],
  "epoch_10": [
    "out/exp032_crop_optic_disk/fold1/checkpoints/train.11.pth",
    0.629105830448963,
    {
      "epoch_MdAS": 0.629105830448963,
      "loss": 0.010091075363258522,
      "MdAS": 0.3323647169312067
    }
  ],
  "epoch_11": [
    "out/exp032_crop_optic_disk/fold1/checkpoints/train.12.pth",
    0.6299109268086984,
    {
      "epoch_MdAS": 0.6299109268086984,
      "loss": 0.010048283264040947,
      "MdAS": 0.33136759945822847
    }
  ],
  "epoch_12": [
    "out/exp032_crop_optic_disk/fold1/checkpoints/train.13.pth",
    0.6310181677428124,
    {
      "epoch_MdAS": 0.6310181677428124,
      "loss": 0.010516324546188116,
      "MdAS": 0.33448924236914906
    }
  ],
  "epoch_13": [
    "out/exp032_crop_optic_disk/fold1/checkpoints/train.14.pth",
    0.6352294385969282,
    {
      "epoch_MdAS": 0.6352294385969282,
      "loss": 0.011146621623386938,
      "MdAS": 0.33537238342859854
    }
  ],
  "epoch_14": [
    "out/exp032_crop_optic_disk/fold1/checkpoints/train.15.pth",
    0.5577637288129862,
    {
      "epoch_MdAS": 0.5577637288129862,
      "loss": 0.013505658290038507,
      "MdAS": 0.3004158204099953
    }
  ],
  "epoch_15": [
    "out/exp032_crop_optic_disk/fold1/checkpoints/train.16.pth",
    0.5511981388027769,
    {
      "epoch_MdAS": 0.5511981388027769,
      "loss": 0.0119851129129529,
      "MdAS": 0.3046190882649518
    }
  ],
  "epoch_16": [
    "out/exp032_crop_optic_disk/fold1/checkpoints/train.17.pth",
    0.6229180335836701,
    {
      "epoch_MdAS": 0.6229180335836701,
      "loss": 0.011560490665336449,
      "MdAS": 0.3018164334678457
    }
  ],
  "epoch_17": [
    "out/exp032_crop_optic_disk/fold1/checkpoints/train.18.pth",
    0.5573469655354828,
    {
      "epoch_MdAS": 0.5573469655354828,
      "loss": 0.013102881765613953,
      "MdAS": 0.33113519988979834
    }
  ],
  "epoch_18": [
    "out/exp032_crop_optic_disk/fold1/checkpoints/train.19.pth",
    0.476456144851174,
    {
      "epoch_MdAS": 0.476456144851174,
      "loss": 0.012097677681595087,
      "MdAS": 0.24446464541149865
    }
  ],
  "epoch_19": [
    "out/exp032_crop_optic_disk/fold1/checkpoints/train.20.pth",
    0.5647297355802905,
    {
      "epoch_MdAS": 0.5647297355802905,
      "loss": 0.010815397991488377,
      "MdAS": 0.290564010705202
    }
  ],
  "epoch_20": [
    "out/exp032_crop_optic_disk/fold1/checkpoints/train.21.pth",
    0.6026512469175302,
    {
      "epoch_MdAS": 0.6026512469175302,
      "loss": 0.012454002086694041,
      "MdAS": 0.30138292605465994
    }
  ],
  "epoch_21": [
    "out/exp032_crop_optic_disk/fold1/checkpoints/train.22.pth",
    0.6355576027406596,
    {
      "epoch_MdAS": 0.6355576027406596,
      "loss": 0.015413951128721237,
      "MdAS": 0.2967020055553153
    }
  ],
  "epoch_22": [
    "out/exp032_crop_optic_disk/fold1/checkpoints/train.23.pth",
    0.5974142602268266,
    {
      "epoch_MdAS": 0.5974142602268266,
      "loss": 0.013050994680573543,
      "MdAS": 0.3153098742062269
    }
  ],
  "epoch_23": [
    "out/exp032_crop_optic_disk/fold1/checkpoints/train.24.pth",
    0.6701155632340754,
    {
      "epoch_MdAS": 0.6701155632340754,
      "loss": 0.01207803034534057,
      "MdAS": 0.34012595526562994
    }
  ],
  "epoch_24": [
    "out/exp032_crop_optic_disk/fold1/checkpoints/train.25.pth",
    0.5105425874766673,
    {
      "epoch_MdAS": 0.5105425874766673,
      "loss": 0.01395194597231845,
      "MdAS": 0.2816990785296517
    }
  ],
  "epoch_25": [
    "out/exp032_crop_optic_disk/fold1/checkpoints/train.26.pth",
    0.5451137855869232,
    {
      "epoch_MdAS": 0.5451137855869232,
      "loss": 0.012744852729762593,
      "MdAS": 0.30244433569575113
    }
  ],
  "epoch_26": [
    "out/exp032_crop_optic_disk/fold1/checkpoints/train.27.pth",
    0.5525467168011989,
    {
      "epoch_MdAS": 0.5525467168011989,
      "loss": 0.013238060132910807,
      "MdAS": 0.31698369454433034
    }
  ],
  "epoch_27": [
    "out/exp032_crop_optic_disk/fold1/checkpoints/train.28.pth",
    0.5679070695273479,
    {
      "epoch_MdAS": 0.5679070695273479,
      "loss": 0.01295980578288436,
      "MdAS": 0.3244915903183867
    }
  ],
  "epoch_28": [
    "out/exp032_crop_optic_disk/fold1/checkpoints/train.29.pth",
    0.5654100265465858,
    {
      "epoch_MdAS": 0.5654100265465858,
      "loss": 0.01321945417051514,
      "MdAS": 0.3203847697925092
    }
  ],
  "epoch_29": [
    "out/exp032_crop_optic_disk/fold1/checkpoints/train.30.pth",
    0.5665471833011112,
    {
      "epoch_MdAS": 0.5665471833011112,
      "loss": 0.012769808061420918,
      "MdAS": 0.3201274946188163
    }
  ],
  "epoch_30": [
    "out/exp032_crop_optic_disk/fold1/checkpoints/train.31.pth",
    0.5683120235086503,
    {
      "epoch_MdAS": 0.5683120235086503,
      "loss": 0.01287416803340117,
      "MdAS": 0.32089474200218193
    }
  ],
  "epoch_31": [
    "out/exp032_crop_optic_disk/fold1/checkpoints/train.32.pth",
    0.5689510618426619,
    {
      "epoch_MdAS": 0.5689510618426619,
      "loss": 0.012988762309153875,
      "MdAS": 0.3244964632788321
    }
  ],
  "epoch_32": [
    "out/exp032_crop_optic_disk/fold1/checkpoints/train.33.pth",
    0.569208681159436,
    {
      "epoch_MdAS": 0.569208681159436,
      "loss": 0.013553914303580921,
      "MdAS": 0.3209338539501023
    }
  ],